<zuiprezi><version>10</version><zui-table><settings>
									<autoplay>
										<delay>4000</delay>
									</autoplay>
								<bounds x="-49295.24896416986" y="-115235.21470738038" width="98590.49792833973" height="230470.4294147608"/><aspectratio>off</aspectratio><languages><language>en</language></languages><spellcheck active="false"/><mode type="normal"/></settings><object id="0" type="image" x="-16134.54849157554" y="-99303.54797015588" r="0" s="51.8946799258127"><source w="1280" h="800">1689076831<url>1689076831.jpg</url><mask x="0" y="119" w="1278" h="614"/></source><resource><id>1689304501</id><url>http://0103.static.prezi.com.s3.amazonaws.com/media/9/6/6/541de9969e9d3027114dcb80d5cd3c3e81892.jpg</url></resource><sourceUrl>1689076831.jpg</sourceUrl></object><object id="7" type="image" x="-15945.275928275065" y="-90792.95237859424" r="0" s="17.876982010241033"><source w="256" h="256">5a5ZafB8GCcrDIY.png<url>5a5ZafB8GCcrDIY.png</url></source><resource><id>1689252628</id><url>http://0103.static.prezi.com.s3.amazonaws.com/media/9/5/0/7686152d26b2046b47a405251d5bfa02dbf0b.png</url></resource><sourceUrl>1397861734_down_circular.png</sourceUrl></object><object id="25" type="image" x="-873.8299304039356" y="-104569.57535660733" r="0" s="4.508864945930929"><source w="512" h="512">UmjGgJm6IMZtnMk.png<url>UmjGgJm6IMZtnMk.png</url></source><resource><id>1689304537</id><url>http://0103.static.prezi.com.s3.amazonaws.com/media/c/9/2/d22fcae7426a6207b52832813c82bfddd654f.png</url></resource><sourceUrl>1397863218_cloud.png</sourceUrl></object><object id="0_46730593" type="text" x="-15942.533949222812" y="-105640.0064436388" r="0" s="85.4122473822628" class="head"><height>55.1953125</height><width>-400.0078125</width><p align="center"><text color="16777215"><![CDATA[Hệ thống cảnh báo điểm đen TNGT]]></text></p><p align="center"><text color="16777215"><![CDATA[trên nền điện toán đám mây]]></text></p></object><object id="1_46730593" type="text" x="-15412.437153433217" y="-98127.8831486193" r="-9.791957329060322e-16" s="45.565697829357106" class="strong"><height>27.59765625</height><width>-341.34375</width><p><text color="16777215" weight="normal" style="normal"><![CDATA[GVHD:]]></text><text weight="normal" style="normal"><![CDATA[ ]]></text><text style="normal"><![CDATA[THS. BÙI NGỌC DŨNG]]></text></p></object><object id="2_46730593" type="text" x="-19970.320482470364" y="-95784.1314007817" r="-9.791957329060332e-16" s="45.565697829357084" class="strong"><height>27.59765625</height><width>376.6244867767721</width><p indent="1"><text color="16777215" weight="normal" style="normal"><![CDATA[SVTH:]]></text><text><![CDATA[ ]]></text><text style="normal"><![CDATA[NGUYỄN HOÀNG ANH]]></text></p></object><object id="3_46730593" type="text" x="-8114.131625455162" y="-95785.3190349248" r="-9.791957329060322e-16" s="45.565697829357106" class="body"><height>27.59765625</height><width>-134.6953125</width><p><text color="16777215"><![CDATA[- CNPM K51]]></text></p></object><object id="3" type="button" x="-16135.814495154013" y="-99428.0762392336" r="0" s="46.2627200411846" class="invisible"><type>invisible</type><size><w>1138.361508452536</w><h>606.17578125</h></size></object><object id="6" type="button" x="-17281.000362719093" y="-72633.86679274384" r="0" s="17.138418945939602" class="bracket"><type>bracket</type><size><w>1406.896551724138</w><h>600</h></size></object><object id="8" type="text" x="-17282.14757056692" y="-76828.4888873422" r="0" s="40.55466287289971" class="head"><height>27.59765625</height><width>-257.33203125</width><p><text><![CDATA[NỘI DUNG TRÌNH BÀY]]></text></p></object><object id="12" type="text" x="-19250.171371805667" y="-72612.76626238371" r="0" s="38.23929425649143" class="body"><height>27.59765625</height><width>-344.21484375</width><p listType="bullet" indent="1"><text><![CDATA[Phân tích & thiết kế hệ thống]]></text></p></object><object id="13" type="text" x="-22925.445541032695" y="-74144.7279885344" r="0" s="38.23929425649143" class="body"><height>27.59765625</height><width>-152.07421875</width><p listType="bullet" indent="1"><text><![CDATA[Đặt vấn đề]]></text></p></object><object id="14" type="text" x="-21577.03242731317" y="-70920.67749153396" r="0" s="38.23929425649143" class="body"><height>27.59765625</height><width>-222.5859375</width><p listType="bullet" indent="1"><text><![CDATA[Kết quả đạt được]]></text></p></object><object id="15" type="text" x="-20657.85539162276" y="-69453.24457444111" r="0" s="38.23929425649143" class="body"><height>27.59765625</height><width>-270.609375</width><p listType="bullet" indent="1"><text><![CDATA[Định hướng phát triển]]></text></p></object><object id="16" type="persistentgroup" x="-19250.977981918888" y="-71798.98628148776" r="0" s="21.914212725248134"><m o="12"/><m o="13"/><m o="14"/><m o="15"/></object><object id="22" type="image" x="4941.308784287357" y="-66625.23145640614" r="0" s="2.735761485588887"><source w="399" h="179">wyxFJqBhS4ixXy3.jpg<url>wyxFJqBhS4ixXy3.jpg</url></source><resource><id>1690289803</id><url>http://0103.static.prezi.com.s3.amazonaws.com/media/8/c/0/06d907b0ab82e12499f809c1e1d66721fd9bd.jpg</url></resource><sourceUrl>7120432.jpg</sourceUrl></object><object id="18" type="text" x="13853.32241840441" y="-70766.55904567373" r="0" s="150.37590972260517" class="head"><height>27.59765625</height><width>-146.671875</width><p><text><![CDATA[ĐẶT VẤN ĐỀ]]></text></p></object><object id="19" type="button" x="4941.308784287357" y="-67073.7897249065" r="0" s="2.8590217984806876" class="circle"><type>circle</type><size><w>800</w><h>800</h></size></object><object id="24" type="button" x="8443.30414076019" y="-67068.91409155323" r="0" s="2.8590217984806876" class="circle"><type>circle</type><size><w>800</w><h>800</h></size></object><object id="27" type="image" x="8443.590942722132" y="-66565.72004930011" r="0" s="0.8398212175161124"><source w="512" h="512">tbOJPvvSSHsZ7qV.png<url>tbOJPvvSSHsZ7qV.png</url></source><resource><id>1690299223</id><url>http://0103.static.prezi.com.s3.amazonaws.com/media/1/5/a/2727873d4a8ab35820fc581a6b6eb617f67b2.png</url></resource><sourceUrl>Rip-512.png</sourceUrl></object><object id="20" type="text" x="4941.0219823253965" y="-67109.20976720816" r="0" s="21.260793201645757" class="strong"><height>27.59765625</height><width>-66.73828125</width><p><text style="normal"><![CDATA[29385]]></text></p></object><object id="26" type="text" x="8442.587135855301" y="-67229.523190249" r="0" s="21.26079320164576" class="strong"><height>27.59765625</height><width>-53.390625</width><p><text style="normal"><![CDATA[9369]]></text></p></object><object id="28" type="button" x="11993.338825860785" y="-67065.7592699717" r="0" s="2.8590217984806876" class="circle"><type>circle</type><size><w>800</w><h>800</h></size></object><object id="31" type="image" x="11993.625627822745" y="-66588.95100821862" r="0" s="1.157791411978566"><source w="512" h="512">JmUuuJFNaXUwMFT.png<url>JmUuuJFNaXUwMFT.png</url></source><resource><id>1690323505</id><url>http://0103.static.prezi.com.s3.amazonaws.com/media/8/3/3/d1c4adc1b35873d59e7e797471c4d3d47167f.png</url></resource><sourceUrl>Injury-512.png</sourceUrl></object><object id="30" type="text" x="11993.195424879805" y="-67255.4787678061" r="0" s="21.260793201645757" class="strong"><height>27.59765625</height><width>-66.73828125</width><p><text style="normal"><![CDATA[29500]]></text></p></object><object id="35" type="button" x="15503.938241192329" y="-67064.75546310487" r="0" s="2.8590217984806876" class="circle"><type>circle</type><size><w>800</w><h>800</h></size></object><object id="37" type="text" x="15503.364637268416" y="-67250.7465354338" r="0" s="18.769545019939724" class="head"><height>55.1953125</height><width>66.66796875</width><p align="center"><text><![CDATA[ĐIỂM ĐEN]]></text></p></object><object id="39" type="text" x="15547.675540390755" y="-66538.19378287325" r="0" s="5.7360392391349055" class="strong"><height>27.59765625</height><width>272.11480249577204</width><p><text style="normal"><![CDATA[TAI NẠN GIAO THÔNG]]></text></p></object><object id="41" type="button" x="19024.14552224942" y="-67076.22754158312" r="0" s="2.8590217984806876" class="circle"><type>circle</type><size><w>800</w><h>800</h></size></object><object id="42" type="text" x="19029.112175142494" y="-67418.38752126477" r="0" s="24.41785966675307" class="strong"><height>27.59765625</height><width>66.66796875</width><p align="center"><text style="normal"><![CDATA[300]]></text></p></object><object id="44" type="text" x="19029.782328169455" y="-66874.40162896657" r="0" s="7.790128224282301" class="head"><height>27.59765625</height><width>-117.33984375</width><p><text><![CDATA[ĐIỂM ĐEN]]></text></p></object><object id="45" type="text" x="19084.39471268604" y="-66569.13670001355" r="0" s="5.7360392391349055" class="body"><height>27.59765625</height><width>244.50895296721544</width><p><text><![CDATA[trên hệ thống quốc lộ]]></text></p></object><object id="46" type="button" x="22543.564097911123" y="-67082.89568719862" r="0" s="2.8590217984806876" class="circle"><type>circle</type><size><w>800</w><h>800</h></size></object><object id="47" type="text" x="22543.13389496819" y="-67267.02254677485" r="0" s="12.819851799699284" class="strong"><height>27.59765625</height><width>137.66118237332756</width><p align="center"><text style="normal"><![CDATA[56 tỷ đồng]]></text></p></object><object id="48" type="text" x="22543.27729594918" y="-66763.11149961686" r="0" s="7.790128224282295" class="head"><height>27.59765625</height><width>-202.79296875</width><p><text><![CDATA[xử lý 24 điểm đen]]></text></p></object><object id="1" type="shape" x="24371.62565477484" y="-67867.05417468413" r="-4.116920342377838" s="4.468462650076511" class="line3"><geom type="line"><sp>-190.54765500826397 28.92879989594585</sp><ep>190.54765500826397 28.92879989594585</ep><b>-57.8575997918917</b><t>8</t></geom></object><object id="4" type="image" x="26009.82197927363" y="-67170.47247527746" r="0.1871200862745811" s="4.677104754786123"><source w="194" h="290" bt="-144.15" bl="-94.8">cq858hjtgZ.swf<url>cq858hjtgZ.swf</url></source><resource><id>1690329172</id><url>http://0103.static.prezi.com.s3.amazonaws.com/media/b/b/5/6c13128bb1a8e2d607ba5fb50f25d0802e2d6.swf</url></resource><sourceUrl>question.swf</sourceUrl><extra><fixed_avm1_pos>1</fixed_avm1_pos></extra></object><object id="5" type="text" x="26531.63979390728" y="-67006.176783876" r="0.18712008627457993" s="3.6838684179696433" class="head"><height>55.1953125</height><width>290.0047294217542</width><p listType="bullet" indent="1"><text><![CDATA[CẢNH BÁO KỊP THỜI ĐIỂM ĐEN TNGT]]></text></p></object><object id="9" type="text" x="26451.92050271558" y="-66812.60447278946" r="0.18712008627458104" s="3.6838684179696433" class="head"><height>27.59765625</height><width>-249.31640625</width><p listType="bullet" indent="1"><text><![CDATA[GIẢM THIỂU TNGT]]></text></p></object><object id="11" type="button" x="25924.154715817145" y="-65606.7817267021" r="0.18712008627458077" s="1.7558220751250846" class="circle"><type>circle</type><size><w>800</w><h>800</h></size></object><object id="17" type="image" x="25926.249968031436" y="-65611.99015316575" r="0.18712008627458077" s="1.6667254020283353"><source w="238" h="153">SUoazqsFXqaY65W.png<url>SUoazqsFXqaY65W.png</url></source><resource><id>1690350244</id><url>http://0103.static.prezi.com.s3.amazonaws.com/media/e/7/3/dd2b80dade2c5c48c8431d3044dd3ef0cebc8.png</url></resource><sourceUrl>Logo-VOV-Giao-thong.png</sourceUrl></object><object id="21" type="text" x="25924.17648021858" y="-66021.08061624074" r="0.18712008627457993" s="2.90885684854018" class="head"><height>27.59765625</height><width>-236.00390625</width><p><text><![CDATA[HỆ THỐNG HIỆN TẠI]]></text></p></object><object id="23" type="text" x="25932.20933217292" y="-65445.74342728884" r="0.1871200862745801" s="2.90885684854018" class="body"><height>27.59765625</height><width>425.62663455069105</width><p listType="bullet" indent="1"><text><![CDATA[Phụ thuộc vào đội ngũ cộng tác viên]]></text></p></object><object id="29" type="text" x="25871.12518009455" y="-65842.95697002587" r="0.18712008627457993" s="2.90885684854018" class="body"><height>27.59765625</height><width>-340.265625</width><p listType="bullet" indent="1"><text><![CDATA[Dựng biển báo, tuyên truyền]]></text></p></object><object id="36" type="shape" x="24751.69571540469" y="-65936.78106604678" r="-23.51893769490845" s="2.9038929482153524" class="line3"><geom type="arrow"><sp>279.65448640842624 22.153231962929382</sp><ep>-279.65448640842624 22.15323196292935</ep><b>44.306463925858736</b><t>8</t></geom></object><object id="38" type="button" x="23268.60813733245" y="-64917.96924471994" r="0.1871200862745806" s="2.404476583832141" class="circle"><type>circle</type><size><w>800</w><h>800</h></size></object><object id="56" type="button" x="21844.70355104954" y="-64922.56100723516" r="0.1871200862745806" s="0.5161718275971096" class="bracket"><type>bracket</type><size><w>800</w><h>800</h></size></object><object id="51" type="image" x="21766.77671732127" y="-64873.206366691214" r="0.1871200862745806" s="0.5282570932689037"><source w="256" h="86">tLpZRiqJiwUsJQf.gif<url>tLpZRiqJiwUsJQf.gif</url></source><resource><id>1690655992</id><url>http://0103.static.prezi.com.s3.amazonaws.com/media/0/b/a/d0d71841add35939713624a7f652948860dc5.gif</url></resource><sourceUrl>struts.gif</sourceUrl></object><object id="52" type="image" x="21920.337105909835" y="-64960.61653820279" r="0.1871200862745804" s="0.49625249345655326"><source w="268" h="129">R7SPKSTeHHsTPnK.jpg<url>R7SPKSTeHHsTPnK.jpg</url></source><resource><id>1690666876</id><url>http://0103.static.prezi.com.s3.amazonaws.com/media/d/b/d/06b31f6492f42fd7c15a120b2c8f57e361b4f.jpg</url></resource><sourceUrl>apache-tomcat-install.jpg</sourceUrl></object><object id="53" type="image" x="21901.532784997675" y="-64871.658734898054" r="0.1871200862745806" s="0.6916431159708224"><source w="130" h="67">kOuk0wSqJqEJ4Ej.jpg<url>kOuk0wSqJqEJ4Ej.jpg</url></source><resource><id>1690672360</id><url>http://0103.static.prezi.com.s3.amazonaws.com/media/2/7/b/45d581e095ae3a2b34e8015ce8f007dbf3c99.jpg</url></resource><sourceUrl>images.jpg</sourceUrl></object><object id="54" type="image" x="21769.38253537603" y="-64963.29321944222" r="0.1871200862745804" s="0.8440150439964772"><source w="138" h="85">XRHbq1tDiWHKGG0.jpg<url>XRHbq1tDiWHKGG0.jpg</url></source><resource><id>1690686352</id><url>http://0103.static.prezi.com.s3.amazonaws.com/media/a/9/c/da964ba901f8ac999f6255a72794aa5d7456e.jpg</url></resource><sourceUrl>images.jpg</sourceUrl></object><object id="43" type="image" x="23284.246284205223" y="-64323.26708415545" r="0.1871200862745806" s="0.3739752710313781"><source w="1600" h="1200">0uHhROMjxFIBRav.jpg<url>0uHhROMjxFIBRav.jpg</url></source><resource><id>1692081424</id><url>http://0103.static.prezi.com.s3.amazonaws.com/media/4/4/8/b0f6332b35e7a3bb79f172b3d27b523f54acb.jpg</url></resource><sourceUrl>cloud-computing-datatrend.jpg</sourceUrl></object><object id="40" type="text" x="23284.56505431795" y="-65410.775344766655" r="0.18712008627457904" s="3.9689481387888983" class="body"><height>82.79296875</height><width>502.4866068487148</width><p align="center"><text weight="bold"><![CDATA[HỆ THỐNG ]]></text></p><p align="center"><text weight="bold"><![CDATA[CẢNH BÁO ĐIỂM ĐEN TNGT]]></text></p><p align="center"><text weight="bold"><![CDATA[TRÊN NỀN ĐIỆN TOÁN ĐÁM MÂY]]></text></p></object><object id="49" type="text" x="23146.3675238856" y="-65131.5474204941" r="0.18712008627458052" s="4.136156881509505" class="body"><height>27.59765625</height><width>-303.66796875</width><p listType="bullet" indent="1"><text><![CDATA[WebServer - Client SaaS]]></text></p></object><object id="2" type="text" x="22806.20265546501" y="-64975.18844135724" r="0.1871200862745804" s="4.1361568815095096" class="strong"><height>27.59765625</height><width>-141.328125</width><p listType="bullet" indent="1"><text style="normal"><![CDATA[Mục tiêu:]]></text></p></object><object id="10" type="text" x="23364.13805366313" y="-64733.08235847764" r="0.18712008627458052" s="3.5287266152154393" class="body"><height>82.79296875</height><width>399.54006139900986</width><p><text><![CDATA[- Cảnh báo kịp thời, chính xác]]></text></p><p><text><![CDATA[- Quản lý điểm đen TNGT]]></text></p><p><text><![CDATA[- Cung cấp dịch vụ cho bên thứ ba]]></text></p></object><object id="57" type="text" x="21857.732154983565" y="-65055.89230862026" r="0.1871200862745792" s="0.7482043507122271" class="head"><height>27.59765625</height><width>274.99165397064604</width><p><text><![CDATA[CÔNG NGHỆ SỬ DỤNG]]></text></p></object><object id="58" type="button" x="21983.594648883067" y="-64271.610742927995" r="0.18712008627458035" s="0.5161718275971099" class="bracket"><type>bracket</type><size><w>1043.2328473124307</w><h>800</h></size></object><object id="63" type="text" x="21978.14598302281" y="-64404.73572544403" r="0.1871200862745792" s="0.7482043507122271" class="head"><height>27.59765625</height><width>274.99165397064604</width><p><text><![CDATA[GIỚI HẠN HỆ THỐNG]]></text></p></object><object id="64" type="text" x="21977.742616223433" y="-64357.62413865721" r="0.18712008627458063" s="0.7482043507122271" class="body"><height>27.59765625</height><width>521.4203125</width><p listType="bullet" indent="1"><text><![CDATA[Webserver: Browser hỗ trợ CSS3 & HTML5]]></text></p></object><object id="65" type="text" x="21911.8002249973" y="-64310.30770291128" r="0.1871200862745806" s="0.7482043507122271" class="body"><height>27.59765625</height><width>-345.50390625</width><p listType="bullet" indent="1"><text><![CDATA[Client: HĐH Android >= 4.1.2]]></text></p></object><object id="66" type="text" x="21947.176670532364" y="-64263.69412341451" r="0.18712008627458063" s="0.7482043507122271" class="body"><height>27.59765625</height><width>440.5514775352411</width><p listType="bullet" indent="1"><text><![CDATA[Chưa có chức năng bình luận, góp ý]]></text></p></object><object id="73" type="button" x="1583.6524631003545" y="-46108.01728349263" r="0" s="5.80938632555289" class="invisible"><type>invisible</type><size><w>1098.8372093023256</w><h>600</h></size></object><object id="67" type="text" x="17763.882558689278" y="-50289.66489456844" r="0" s="150.37590972260517" class="head"><height>27.59765625</height><width>-264</width><p><text><![CDATA[PHÂN TÍCH HỆ THỐNG]]></text></p></object><object id="68" type="text" x="1577.237422750309" y="-47339.535576805385" r="0" s="22.57098154770244" class="body"><height>27.59765625</height><width>-244.18359375</width><p><text><![CDATA[Mô hình hóa nghiệp vụ]]></text></p></object><object id="94" type="image" x="10356.183830238886" y="-45026.36067573214" r="0" s="12.629174172822117"><source w="825" h="389">i32Qvay0Uj0xA8N.jpg<url>i32Qvay0Uj0xA8N.jpg</url></source><resource><id>1692072430</id><url>http://0103.static.prezi.com.s3.amazonaws.com/media/a/2/8/74c4e2285fbe7ae97c90e3f9953a7cf0d9757.jpg</url></resource><sourceUrl>5.jpg</sourceUrl></object><object id="69" type="text" x="10519.924709211373" y="-47882.64043393874" r="0" s="26.35866244232831" class="body"><height>27.59765625</height><width>-189.4453125</width><p><text><![CDATA[Mô hình use case]]></text></p></object><object id="95" type="persistentgroup" x="10356.183830238886" y="-45408.172692851775" r="0" s="9.10535634183779"><m o="94"/><m o="69"/></object><object id="55" type="button" x="95.36310188971927" y="-45680.48510378636" r="0" s="2.400535168135625" class="circle"><type>circle</type><size><w>800</w><h>800</h></size><meta><parentObjlib>divergent-1</parentObjlib></meta></object><object id="59" type="button" x="2621.4365378417333" y="-45615.58426160345" r="0" s="2.3970250591751565" class="circle"><type>circle</type><size><w>800</w><h>800</h></size><meta><parentObjlib>divergent-1</parentObjlib></meta></object><object id="60" type="shape" x="1130.1625745249717" y="-46686.26386172936" r="-47.240824477530474" s="5.066778667377136" class="line1"><geom type="arrow"><sp>91.71870168110554 -9.035915389642811</sp><ep>-91.71870168110554 -9.035915389642858</ep><b>-18.07183077928567</b><t>8</t></geom><meta><parentObjlib>divergent-1</parentObjlib></meta></object><object id="61" type="shape" x="1692.4196927840123" y="-46687.167938603714" r="-132.75917552246955" s="5.066778667377134" class="line1"><geom type="arrow"><sp>91.71870168110554 9.035915389642858</sp><ep>-91.71870168110554 9.035915389642811</ep><b>18.07183077928567</b><t>8</t></geom><meta><parentObjlib>divergent-1</parentObjlib></meta></object><object id="62" type="shape" x="1412.23358045879" y="-47048.001304147496" r="0" s="0.7086120172277579" class="poly2"><geom type="circle"><r>33.644939613373</r></geom><meta><parentObjlib>divergent-1</parentObjlib></meta></object><object id="70" type="persistentgroup" x="1411.2911336544921" y="-46686.71590016654" r="0" s="3.9008415697729335"><m o="60"/><m o="61"/><m o="62"/><meta><parentObjlib>divergent-1</parentObjlib></meta></object><object id="76" type="text" x="163.1446603053005" y="-46192.21166212455" r="0" s="4.685606898830049" class="body"><height>27.59765625</height><width>280.47562716833835</width><p align="center"><text><![CDATA[Quản lý điểm đen TNGT]]></text></p><layout><layout-element role="title" parent-id="55"/></layout></object><object id="87" type="image" x="2129.7871245669817" y="-45277.59523394733" r="0" s="1.8736667651033885"><source w="226" h="236">1lymjJRtLjd1Zll.jpg<url>1lymjJRtLjd1Zll.jpg</url></source><resource><id>1692072439</id><url>http://0103.static.prezi.com.s3.amazonaws.com/media/6/5/a/63b95927c8d22f7bc9de5cb6ba0193459268e.jpg</url></resource><sourceUrl>5.jpg</sourceUrl></object><object id="88" type="image" x="2619.9691133343854" y="-45277.59523394733" r="0" s="1.3629630507705175"><source w="356" h="316">rJBEhir37KDjJH8.jpg<url>rJBEhir37KDjJH8.jpg</url></source><resource><id>1692072457</id><url>http://0103.static.prezi.com.s3.amazonaws.com/media/9/d/9/5dc72e12b62a04ccefb811ecf20f0b5e74c65.jpg</url></resource><sourceUrl>5.jpg</sourceUrl></object><object id="90" type="image" x="2568.185896284996" y="-45759.60662106948" r="0" s="1.927994928157389"><source w="316" h="226">hu4uXvxqpQIt7oq.jpg<url>hu4uXvxqpQIt7oq.jpg</url></source><resource><id>1692072478</id><url>http://0103.static.prezi.com.s3.amazonaws.com/media/5/3/b/1d8be316cd3aead8556261955e7571a9eb5db.jpg</url></resource><sourceUrl>5.jpg</sourceUrl></object><object id="78" type="text" x="2613.033624417171" y="-46099.25882479483" r="0" s="5.284416101879089" class="body"><height>27.59765625</height><width>220.4993900181616</width><p align="center"><text><![CDATA[Quản lý người dùng]]></text></p><layout><layout-element role="title" parent-id="59"/></layout></object><object id="84" type="image" x="-248.3656455860251" y="-45639.26115970198" r="0" s="1.679037920069349"><source w="356" h="456">xPj41Xkvz80wILl.jpg<url>xPj41Xkvz80wILl.jpg</url></source><resource><id>1692010123</id><url>http://0103.static.prezi.com.s3.amazonaws.com/media/d/b/3/958429c081dc066200226a98179e8bef314f6.jpg</url></resource><sourceUrl>CSD Cập nhật tài khoản ng dùng mức lá.jpg</sourceUrl></object><object id="85" type="image" x="445.4340163120619" y="-45609.144957430195" r="0" s="1.8544984745312891"><source w="286" h="276">mkJwnfr2PvBfYnj.jpg<url>mkJwnfr2PvBfYnj.jpg</url></source><resource><id>1692072484</id><url>http://0103.static.prezi.com.s3.amazonaws.com/media/2/8/1/411bdd67d82d7a725b005d7b2b1d7d271e7ba.jpg</url></resource><sourceUrl>5.jpg</sourceUrl></object><object id="86" type="persistentgroup" x="81.6964514058335" y="-45639.26115970198" r="0" s="2.320125125914008"><m o="84"/><m o="85"/></object><object id="89" type="image" x="3118.37581369172" y="-45277.59523394733" r="0" s="1.810579460278126"><source w="236" h="236">sRDYGYnWJIkWKzP.jpg<url>sRDYGYnWJIkWKzP.jpg</url></source><resource><id>1692072499</id><url>http://0103.static.prezi.com.s3.amazonaws.com/media/1/e/7/09d4e9ee20c69a6069e0157461247025dfd9b.jpg</url></resource><sourceUrl>5.jpg</sourceUrl></object><object id="91" type="persistentgroup" x="2625.043485057419" y="-45516.986301808196" r="0" s="3.0693906560109796"><m o="87"/><m o="88"/><m o="90"/><m o="89"/></object><object id="71" type="image" x="7699.062108172107" y="-20207.635292735536" r="0" s="6.317411815959719"><source w="533" h="606">nTlET1tyAht0R6z.jpg<url>nTlET1tyAht0R6z.jpg</url></source><resource><id>1692365428</id><url>http://0103.static.prezi.com.s3.amazonaws.com/media/b/a/8/25e253790ddf81ca07ec109d6ee69f1277be3.jpg</url></resource><sourceUrl>5.jpg</sourceUrl></object><object id="50" type="text" x="16215.995182504405" y="-28739.46731051621" r="0" s="150.37590972260517" class="head"><height>27.59765625</height><width>-242.671875</width><p><text><![CDATA[THIẾT KẾ HỆ THỐNG]]></text></p></object><object id="75" type="button" x="7698.991940463557" y="-20554.7315576868" r="0" s="8.329484503342949" class="circle"><type>circle</type><size><w>800</w><h>800</h></size><meta><parentObjlib>divergent-1</parentObjlib></meta></object><object id="77" type="button" x="20154.087657058015" y="-20554.7315576868" r="0" s="8.268318996831711" class="circle"><type>circle</type><size><w>800</w><h>800</h></size><meta><parentObjlib>divergent-1</parentObjlib></meta></object><object id="79" type="shape" x="12313.94023465829" y="-24291.014718017297" r="-47.24082447753044" s="28.65413332158269" class="line1"><geom type="arrow"><sp>91.71870168110554 -9.035915389642811</sp><ep>-91.71870168110554 -9.035915389642858</ep><b>-18.07183077928567</b><t>8</t></geom><meta><parentObjlib>divergent-1</parentObjlib></meta></object><object id="80" type="shape" x="15493.67068772412" y="-24296.12754038269" r="-132.75917552246955" s="28.65413332158269" class="line1"><geom type="arrow"><sp>91.71870168110554 9.035915389642858</sp><ep>-91.71870168110554 9.035915389642811</ep><b>18.07183077928567</b><t>8</t></geom><meta><parentObjlib>divergent-1</parentObjlib></meta></object><object id="81" type="shape" x="13909.135276869383" y="-26336.7470428169" r="0" s="4.007410733303392" class="poly2"><geom type="circle"><r>33.644939613373</r></geom><meta><parentObjlib>divergent-1</parentObjlib></meta></object><object id="82" type="persistentgroup" x="13903.805461191205" y="-24293.571129199994" r="0" s="22.060413873279927"><m o="79"/><m o="80"/><m o="81"/><meta><parentObjlib>divergent-1</parentObjlib></meta></object><object id="99" type="image" x="20148.40407266562" y="-20394.98307455896" r="0" s="5.18154550796552"><source w="895" h="645">ITsaHEw4JvR2s40.jpg<url>ITsaHEw4JvR2s40.jpg</url></source><resource><id>1692394057</id><url>http://0103.static.prezi.com.s3.amazonaws.com/media/b/9/9/c154a6bff9cf03b1da7439a624dd8636643fc.jpg</url></resource><sourceUrl>1.jpg</sourceUrl></object><object id="93" type="text" x="7629.63312029518" y="-22633.526243613745" r="0" s="18.36295447197552" class="body"><height>27.59765625</height><width>220.4993900181616</width><p align="center"><text><![CDATA[Biểu đồ lớp]]></text></p><layout><layout-element role="title" parent-id="75"/></layout></object><object id="97" type="text" x="20152.982544253675" y="-22695.58535536578" r="0" s="18.228110663709774" class="body"><height>27.59765625</height><width>220.4993900181616</width><p align="center"><text><![CDATA[Mô hình CSDL]]></text></p><layout><layout-element role="title" parent-id="77"/></layout></object><object id="155" type="button" x="14914.314386843753" y="5983.806613702574" r="0" s="5.410416280641836" class="roundrect"><type>roundrect</type><size><w>2445.968841021752</w><h>488.0024760216593</h></size></object><object id="150" type="image" x="15145.37771754193" y="5683.821313085562" r="0" s="1.6723658684411826"><source w="1600" h="748">iAK24VMTd0RwubU.png<url>iAK24VMTd0RwubU.png</url></source><resource><id>1692436438</id><url>http://0103.static.prezi.com.s3.amazonaws.com/media/4/7/b/bd2d566ea1d167034d005c3915d0196fd63dc.png</url></resource><sourceUrl>4.png</sourceUrl></object><object id="100" type="text" x="14061.317864770115" y="-376.49854916764434" r="0" s="150.37590972260517" class="head"><height>27.59765625</height><width>-245.70703125</width><p><text><![CDATA[KẾT QUẢ ĐẠT ĐƯỢC]]></text></p></object><object id="151" type="image" x="20549.654319447265" y="5600.841325343029" r="0" s="0.6647748988910683"><source w="1470" h="1600">4iu8gKq54kneVu2.png<url>4iu8gKq54kneVu2.png</url></source><resource><id>1692436927</id><url>http://0103.static.prezi.com.s3.amazonaws.com/media/7/4/b/48483f106b95dfd4e8248d5cce3e80796e5b8.png</url></resource><sourceUrl>5.png</sourceUrl></object><object id="152" type="image" x="9299.593591126744" y="5778.679879795973" r="0" s="1.4640818972972307"><source w="1009" h="1355">YgeTUjnoYwNIKxG.png<url>YgeTUjnoYwNIKxG.png</url></source><resource><id>1692437254</id><url>http://0103.static.prezi.com.s3.amazonaws.com/media/6/8/c/b1296fab8ca943d0052698c8e49a6239891f6.png</url></resource><sourceUrl>1.png</sourceUrl></object><object id="153" type="image" x="12071.847855098" y="5817.376363381262" r="0" s="1.6408858319584347"><source w="1600" h="1209">fbdeYrp6GCzTCGx.png<url>fbdeYrp6GCzTCGx.png</url></source><resource><id>1692437371</id><url>http://0103.static.prezi.com.s3.amazonaws.com/media/3/9/c/f299a78d10ea80a6395f7d829f228c5eb1390.png</url></resource><sourceUrl>2.png</sourceUrl></object><object id="154" type="image" x="18144.750785094027" y="5702.113194112238" r="0" s="2.085374705052436"><source w="1196" h="627">Ye1CLweI6KnCgsx.png<url>Ye1CLweI6KnCgsx.png</url></source><resource><id>1692437482</id><url>http://0103.static.prezi.com.s3.amazonaws.com/media/8/7/f/2129924614b3ffcbef657884258ec5788e9b6.png</url></resource><sourceUrl>3.png</sourceUrl></object><object id="171" type="button" x="16639.559754194004" y="48066.388250510885" r="0" s="11.205246358229145" class="circle"><type>circle</type><size><w>800</w><h>800</h></size></object><object id="170" type="image" x="18768.63514543284" y="46229.678311555785" r="0" s="1.266405158650159"><source w="512" h="512">k2sPjSIaOcdw5WO.png<url>k2sPjSIaOcdw5WO.png</url></source><resource><id>1692577972</id><url>http://0103.static.prezi.com.s3.amazonaws.com/media/d/a/7/d838d573004584417381fd9fd8f2d98394bb4.png</url></resource><sourceUrl>chat_bubble_messages-512.png</sourceUrl></object><object id="156" type="text" x="18258.16278422013" y="39719.16350450954" r="0" s="150.37590972260517" class="head"><height>27.59765625</height><width>-309.71484375</width><p><text><![CDATA[ĐỊNH HƯỚNG PHÁT TRIỂN]]></text></p></object><object id="157" type="button" x="9112.894521419204" y="17927.713685808594" r="0" s="12.241122060738208" class="circle"><type>circle</type><size><w>800</w><h>800</h></size></object><object id="158" type="text" x="14820.47599822488" y="10873.730556231809" r="0" s="27.00446401650964" class="head"><height>27.59765625</height><width>-101.34375</width><p><text><![CDATA[Đánh giá]]></text></p></object><object id="159" type="text" x="9029.051635711305" y="14417.87636438707" r="0" s="18.850146683355664" class="strong"><height>27.59765625</height><width>-97.25390625</width><p><text style="normal"><![CDATA[Ưu điểm]]></text></p></object><object id="163" type="button" x="20996.3105272361" y="17620.823517855377" r="0" s="12.285829576198196" class="circle"><type>circle</type><size><w>800</w><h>800</h></size></object><object id="160" type="text" x="20996.195348267327" y="14069.635788236" r="0" s="18.850146683355657" class="strong"><height>27.59765625</height><width>-142.46484375</width><p><text style="normal"><![CDATA[Nhược điểm]]></text></p></object><object id="161" type="text" x="8773.592399480967" y="15830.024888153788" r="0" s="18.850146683355664" class="body"><height>27.59765625</height><width>-339.9140625</width><p listType="bullet" indent="1"><text><![CDATA[Cảnh báo kịp thời và rõ ràng]]></text></p></object><object id="162" type="shape" x="13883.252820328711" y="12968.634779350095" r="-48.07858252138635" s="14.969111156928186" class="line3"><geom type="arrow"><sp>120.08858871352722 -12.549591561523792</sp><ep>-120.08858871352722 -12.549591561523831</ep><b>-25.099183123047624</b><t>8</t></geom></object><object id="164" type="shape" x="15880.255842442108" y="12972.255690095571" r="48.21992744272444" s="14.969111156928172" class="line3"><geom type="arrow"><sp>-114.72834482739516 -18.652780319759124</sp><ep>114.72834482739516 -18.652780319759124</ep><b>37.30556063951825</b><t>8</t></geom></object><object id="165" type="text" x="9101.836706005151" y="17069.398885612027" r="0" s="18.850146683355657" class="body"><height>27.59765625</height><width>-374.70703125</width><p listType="bullet" indent="1"><text><![CDATA[Giao diện đơn giản, dễ sử dụng]]></text></p></object><object id="166" type="text" x="9687.830144308453" y="18533.07083609554" r="0" s="18.850146683355657" class="body"><height>55.1953125</height><width>436.81640625</width><p listType="bullet" indent="1"><text><![CDATA[Website chạy tốt với các trình duyệt hỗ trợ CSS3 & HTML5]]></text></p></object><object id="167" type="text" x="20904.74100136652" y="16139.439794394168" r="0" s="18.850146683355657" class="body"><height>55.1953125</height><width>420.84375</width><p listType="bullet" indent="1"><text><![CDATA[Website chạy không ổn định với các trình duyệt cũ]]></text></p></object><object id="168" type="text" x="20833.31094027885" y="18037.385814269262" r="0" s="18.850146683355657" class="body"><height>55.1953125</height><width>413.12109375</width><p listType="bullet" indent="1"><text><![CDATA[Không chạy được với phiên bản HDH Android < 4.1.2]]></text></p></object><object id="180" type="persistentgroup" x="15063.54402741965" y="16662.63155438206" r="0" s="39.38575169852073"><m o="157"/><m o="158"/><m o="159"/><m o="163"/><m o="160"/><m o="161"/><m o="162"/><m o="164"/><m o="165"/><m o="166"/><m o="167"/><m o="168"/></object><object id="172" type="text" x="15772.56754737365" y="46251.295813097626" r="0" s="14.96911115692818" class="body"><height>27.59765625</height><width>-349.62890625</width><p listType="bullet" indent="1"><text><![CDATA[Bổ sung chức năng bình luận]]></text></p></object><object id="173" type="text" x="16790.326770627682" y="47443.88957681737" r="0" s="14.96911115692818" class="body"><height>55.1953125</height><width>485.58984375</width><p listType="bullet" indent="1"><text><![CDATA[Phát triển tìm kiếm theo hành trình thay vì theo phạm vi như hiện nay]]></text></p></object><object id="174" type="text" x="21995.06117461404" y="-64208.78048134039" r="0.18712008627458063" s="0.7482043507122271" class="body"><height>27.59765625</height><width>571.0157515996792</width><p listType="bullet" indent="1"><text><![CDATA[Tìm kiếm điểm đen TNGT trong phạm vi giới hạn]]></text></p></object><object id="175" type="text" x="15645.961611916706" y="48638.021182816075" r="0" s="14.96911115692818" class="body"><height>27.59765625</height><width>-308.9296875</width><p listType="bullet" indent="1"><text><![CDATA[Tích hợp với mạng xã hội]]></text></p></object><object id="176" type="text" x="16330.073381024487" y="49684.198328032086" r="0" s="14.96911115692818" class="body"><height>27.59765625</height><width>-400.30078125</width><p listType="bullet" indent="1"><text><![CDATA[Hoàn thiện các chức năng quản lý]]></text></p></object><object id="177" type="text" x="16778.094200104122" y="45146.90285902293" r="0" s="14.96911115692818" class="head"><height>27.59765625</height><width>-254.4140625</width><p><text><![CDATA[Định hướng phát triển]]></text></p></object><object id="178" type="shape" x="19973.304244892606" y="50711.18430608082" r="-35.852715271003035" s="29.339457867579227" class="line3"><geom type="arrow"><sp>-135.5610016778629 -24.137593759492137</sp><ep>135.5610016778629 -24.137593759492137</ep><b>48.275187518984275</b><t>8</t></geom></object><object id="181" type="image" x="15714.43646209227" y="99101.71010935564" r="0" s="52.55213224112299"><source w="1280" h="800">1689076831<url>__1689076831.jpg</url><mask x="0" y="119" w="1278" h="614"/></source><resource><id>1689304501</id><url>http://0103.static.prezi.com.s3.amazonaws.com/media/9/6/6/541de9969e9d3027114dcb80d5cd3c3e81892.jpg</url></resource><sourceUrl>1689076831.jpg</sourceUrl></object><object id="182" type="text" x="17012.414770077765" y="96875.47262937826" r="0" s="116.68225153322702" class="head"><height>55.1953125</height><width>-431.0390625</width><p align="center"><text color="16777215"><![CDATA[CHÂN THÀNH CÁM ƠN SỰ THEO DÕI]]></text></p><p align="center"><text color="16777215"><![CDATA[CỦA THẦY CÔ VÀ CÁC BẠN]]></text></p></object><object id="183" type="button" x="16416.557943060754" y="98679.93201327298" r="0" s="48.973238573089446" class="invisible"><type>invisible</type><size><w>1138.361508452536</w><h>600</h></size></object><object id="72" type="text" x="16640.443484341013" y="68395.9972034161" r="0" s="150.37590972260517" class="head"><height>27.59765625</height><width>-269.70703125</width><p><text><![CDATA[DEMO CHƯƠNG TRÌNH]]></text></p></object></zui-table><path><s><eagle o="3"/></s><s><eagle o="6"/></s><s><eagle o="18"/></s><s><eagle o="19"/></s><s><eagle o="24"/></s><s><eagle o="28"/></s><s><eagle o="35"/></s><s><eagle o="41"/></s><s><eagle o="46"/></s><s><eagle o="4"/></s><s><eagle o="11"/></s><s><eagle o="38"/></s><s><eagle o="56"/></s><s><eagle o="58"/></s><s><eagle o="67"/></s><s><eagle o="73"/></s><s><eagle o="55"/></s><s><eagle o="86"/></s><s><eagle o="59"/></s><s><eagle o="91"/></s><s><eagle o="95"/></s><s><eagle o="50"/></s><s><eagle o="75"/></s><s><eagle o="71"/></s><s><eagle o="77"/></s><s><eagle o="99"/></s><s><eagle o="100"/></s><s><eagle o="155"/></s><s><eagle o="152"/></s><s><eagle o="153"/></s><s><eagle o="150"/></s><s><eagle o="154"/></s><s><eagle o="151"/></s><s><eagle o="180"/></s><s><eagle o="156"/></s><s><eagle o="171"/></s><s><eagle o="72"/></s><s><eagle o="183"/></s></path><style type="text/css"><![CDATA[
@font-face
{
	src: url('Arimo-Regular.keg');
	fontFamily: body;
	font-class: body;
	font-style: normal;
	font-weight: normal;
	font-family: Arimo;
}

@font-face
{
	src: url('Arimo-Bold.keg');
	fontFamily: head;
	font-class: head;
	font-style: normal;
	font-weight: bold;
	font-family: Arimo;
}

@font-face
{
	src: url('Arimo-BoldItalic.keg');
	fontFamily: strong;
	font-class: strong;
	font-style: italic;
	font-weight: bold;
	font-family: Arimo;
}

@font-face
{
	src: url('Arimo-Italic.keg');
	font-style: italic;
	font-weight: normal;
	font-family: Arimo;
}

.line1
{
	color: #8e0011;
	gradEndColor: #8e0011;
	gradStartColor: #8e0011;
}

.line2
{
	color: #c94612;
	gradEndColor: #c94612;
	gradStartColor: #c94612;
}

.line3
{
	color: #ff5757;
	gradEndColor: #ff5757;
	gradStartColor: #ff5757;
}

.line4
{
	color: #fb0;
	gradEndColor: #fb0;
	gradStartColor: #fb0;
}

.line5
{
	color: #ffe100;
	gradEndColor: #ffe100;
	gradStartColor: #ffe100;
}

.poly1
{
	borderColor: #8e0011;
	borderThickness: 9;
	gradEndColor: #8e0011;
	gradStartColor: #8e0011;
}

.poly2
{
	borderColor: #c94612;
	borderThickness: 0;
	gradEndColor: #c94612;
	gradStartColor: #c94612;
}

.poly3
{
	borderColor: #ff8007;
	borderThickness: 9;
	gradEndColor: #ff8007;
	gradStartColor: #ff8007;
}

.poly4
{
	borderColor: #fb0;
	borderThickness: 0;
	gradEndColor: #fb0;
	gradStartColor: #fb0;
}

.poly5
{
	borderColor: #ffe100;
	borderThickness: 9;
	gradEndColor: #ffe100;
	gradStartColor: #ffe100;
}

Background
{
	gradEnd: #f0f0f0;
	gradStart: #f0f0f0;
}

Grid
{
	color: #b0b0b0;
}

ZArrow
{
	color: #ff5757;
}

ZCircle
{
	borderAlpha: 1;
	gradEndAlpha: 1;
	gradStartAlpha: 1;
	lockTintAlpha: 0;
	radius: 0;
	thickness: 100;
}

ZCurveLine
{
	color: #ff5757;
}

ZFrame.bracket
{
	color: #ff5757;
}

ZFrame.circle
{
	borderColor: #ff8007;
	borderThickness: 0;
	gradEndColor: #ff8007;
	gradStartColor: #ff8007;
	padding: 1.03;
	thickness: 8;
}

ZFrame.roundrect
{
	color: #ff5757;
}

ZLabel
{
	lockTintAlpha: 0.15;
	padding: 1.2;
}

ZLabel.body
{
	color: #37485d;
	fontFamily: body;
}

ZLabel.body-background
{
	background-alpha: 0.9;
	background-color: #c94612;
	background-padding: 7;
}

ZLabel.head
{
	color: #37485d;
	fontFamily: head;
}

ZLabel.head-background
{
	background-alpha: 0.9;
	background-color: #2b394a;
	background-padding: 4;
}

ZLabel.strong
{
	color: #ff5757;
	fontFamily: strong;
}

ZLabel.strong-background
{
	background-alpha: 0.9;
	background-color: #8e0011;
	background-padding: 4;
}

ZLine
{
	color: #ff5757;
}

ZMarker
{
	color: #ff5757;
}

ZPath
{
	alpha: 1;
	color: #40abe6;
	textColor: #fff;
	thickness: 3;
}

ZPath Ball.base
{
	alpha: 1;
	fillColor: #40abe6;
	radius: 12;
}

ZPath Ball.mid
{
	alpha: .5;
	fillColor: #40abe6;
	radius: 8;
}

ZPoly
{
	borderAlpha: 1;
	gradEndAlpha: 1;
	gradStartAlpha: 1;
	lockTintAlpha: 0;
	radius: 0;
	thickness: 100;
}

]]></style><hash>25cf34fb</hash><config>2S99xd+ElGRmLQAbC6UAHsLIIVs7uNdlmg==</config></zuiprezi>